{"_step":240,"train_loss":2.667137384414673,"test_loss":3.703222319018096e-05,"epoch":0,"train_size":9544,"last_test_loss":1.6257095775415655,"test_size":2387,"_wandb":{"runtime":766},"_runtime":766,"_timestamp":1.761911145248058e+09}