{"last_test_loss":1.9420947447849903,"test_loss":1.3048553466796875,"_wandb":{"runtime":1153},"train_size":12285,"train_loss":2.7044613361358643,"epoch":0,"_step":309,"test_size":3072,"_timestamp":1.761913290534549e+09,"_runtime":1153}