{"train_loss":3.1269826889038086,"_runtime":874,"_timestamp":1.7619086929966478e+09,"_step":237,"_wandb":{"runtime":874},"test_idx":2350,"epoch":0,"test_loss":3.3757758140563965,"train_idx":9400}