{"test_size":7802,"_timestamp":1.7621722295166552e+09,"_wandb":{"runtime":4976},"test_loss":0.01229119673371315,"epoch":0,"_step":783,"train_loss":1.9264007806777954,"last_test_loss":2.052683926774189,"train_size":31206,"_runtime":4976}