{"_step":238,"test_loss":3.7331490516662598,"test_idx":2350,"_timestamp":1.761906972315694e+09,"train_loss":2.729553699493408,"_wandb":{"runtime":961},"epoch":0,"_runtime":961,"train_idx":9450}